{
  "T": 9381,
  "N_units": 60,
  "K_states": 50,
  "BAND": 1,
  "ALPHA_A": 1.0,
  "ALPHA_MU": 0.1,
  "A_diag_mean": 0.8845388418851908,
  "A_diag_min": 0.7954545454545454,
  "A_diag_max": 0.9890230515916575,
  "mu_mean": 0.17839419290386074,
  "mu_min": 0.00010999890001099989,
  "mu_max": 1.9901873327386264
}