{
  "fold_losses": [
    3.010204081632653,
    5.3125,
    2.6818181818181817,
    2.0074626865671643,
    10.36
  ],
  "mean": 4.674396990003599,
  "std": 3.0523991862334894
}