{
  "D_MAX": 80,
  "fold_losses": [
    3.826530612244898,
    4.9375,
    5.287878787878788,
    2.462686567164179,
    9.186666666666667
  ],
  "mean": 5.140252526790907,
  "std": 2.2508484723934488
}